url,domain,type
https://growwmf.in/,growwmf.in,AMC Home
https://growwmf.in/mutual-funds,growwmf.in,Scheme List
https://growwmf.in/mutual-fund/groww-large-cap-fund,growwmf.in,Scheme Page
https://growwmf.in/mutual-fund/groww-elss-tax-saver-fund,growwmf.in,Scheme Page
https://growwmf.in/mutual-fund/groww-value-fund,growwmf.in,Scheme Page
https://growwmf.in/statutory-disclosures,growwmf.in,Disclosure
https://www.amfiindia.com/,amfiindia.com,AMFI
https://www.amfiindia.com/nav-history,amfiindia.com,NAV History
https://www.sebi.gov.in/,sebi.gov.in,Regulator
https://www.sebi.gov.in/filings/mutual-funds.html,sebi.gov.in,SEBI Filings
https://www.camsonline.com/,camsonline.com,RTA
https://www.kfintech.com/,kfintech.com,RTA
https://growwmf.in/downloads/sid,growwmf.in,SID
https://growwmf.in/downloads/sai,growwmf.in,SAI
https://growwmf.in/downloads/kim,growwmf.in,KIM
https://growwmf.in/downloads/factsheet,growwmf.in,Factsheet
https://growwmf.in/downloads/portfolio,growwmf.in,Portfolio
https://growwmf.in/downloads/addendum,growwmf.in,Addendum
https://growwmf.in/about-us,growwmf.in,AMC Info
https://growwmf.in/contact-us,growwmf.in,Contact
